obs, time, Delta, Theta, Alpha1, Alpha2, Beta1, Beta2, Gamma1, Gamma2, Attention, Meditation, Derived, totPwr, class 
1, 4.0, 834890, 984242, 61478, 92115, 65688, 77120, 18566, 39802, NA, NA, 1.64, 2173901,  X*
2, 5.0, 1305856, 288348, 92648, 68367, 66440, 83460, 91142, 10078, NA, NA, 1.52, 2006339,  X*
3, 6.0, 1524642, 122621, 107463, 41396, 76374, 59384, 44304, 80720, NA, NA, 1.37, 2056904,  X*
4, 7.0, 1495605, 76576, 90588, 9158, 28476, 14196, 19820, 8022, 35, 53, 1.46, 1742441,  X*
5, 8.0, 375157, 131845, 84638, 10700, 12208, 8982, 13913, 5612, 16, 63, 1.58, 643055,  X*
6, 9.0, 384121, 75891, 7735, 12660, 11944, 5899, 5162, 3776, 7, 60, 1.55, 507188,  X*
7, 10.0, 1617307, 266906, 44228, 15032, 34991, 12976, 11920, 9132, 1, 56, 1.59, 2012492,  X*
8, 11.0, 519040, 69273, 28810, 4717, 9043, 9080, 13789, 2104, 1, 48, 1.67, 655856,  X*
9, 12.0, 216870, 3360, 17353, 14120, 4336, 8112, 2753, 3891, 24, 61, 1.76, 270795,  X*
10, 13.0, 480586, 43458, 4623, 17470, 6811, 4839, 7317, 2505, 26, 67, 1.65, 567609,  X*
11, 14.0, 1816616, 534826, 142480, 22035, 60810, 39954, 16949, 20579, 34, 74, 1.73, 2654249,  X*
12, 15.0, 1519087, 246589, 128294, 102658, 25488, 35911, 23437, 22288, 29, 80, 1.86, 2103752,  X*
13, 16.0, 1128700, 573005, 39802, 86705, 61837, 28113, 22634, 21867, 1, 53, 1.90, 1962663,  X*
14, 17.0, 154617, 78672, 8133, 101325, 34168, 59034, 35064, 6117, 26, 60, 1.77, 477130,  X*
15, 18.0, 1740404, 356367, 41454, 51015, 48962, 50665, 67285, 20723, 40, 56, 1.69, 2376875,  X*
16, 19.0, 158769, 61176, 13593, 11430, 3578, 17311, 8252, 11535, 61, 44, 1.53, 285644,  X*
17, 20.0, 1276043, 191664, 68757, 100879, 101308, 39870, 32132, 19211, 80, 56, 1.44, 1829864,  X*
18, 21.0, 320161, 76404, 49944, 20446, 28674, 12437, 9007, 6455, 53, 54, 1.53, 523528,  X*
19, 22.0, 145908, 21472, 2800, 1878, 2974, 4414, 1414, 2718, 61, 51, 1.44, 183578,  X*
20, 23.0, 120347, 8049, 8140, 6403, 4364, 2148, 4957, 1636, 47, 66, 1.53, 156044,  X*
21, 24.0, 1786424, 98018, 31161, 18739, 36765, 8663, 12363, 8240, 35, 61, 1.62, 2000373,  X*
22, 26.0, 653048, 292864, 24208, 12529, 12184, 11466, 9276, 12159, 17, 43, 1.51, 1027734,  X*
23, 27.0, 231165, 7208, 1808, 6079, 2556, 4632, 5494, 4889, 30, 56, 1.26, 263831,  X*
24, 28.0, 300251, 254146, 15556, 6706, 12839, 12208, 13353, 13744, 16, 26, 1.22, 628803,  X*
25, 29.0, 1387161, 106674, 3709, 15832, 11104, 30860, 14712, 8189, 47, 13, 1.09, 1578241,  X*
26, 30.0, 1563035, 514279, 91134, 42784, 87115, 40754, 57798, 57782, 57, 21, 0.99, 2454681,  X*
27, 31.0, 1622709, 218374, 49016, 29419, 61739, 18126, 9849, 8916, 26, 11, 1.14, 2018148,  X*
28, 32.0, 1091280, 81006, 17146, 9939, 16140, 24911, 7294, 6954, 57, 26, 1.24, 1254670,  X*
29, 33.0, 138460, 14919, 4120, 1022, 1717, 3863, 1792, 1112, 54, 35, 1.32, 167005,  X*
30, 34.0, 1179712, 233043, 30516, 35259, 33769, 36805, 24258, 14778, 66, 35, 1.41, 1588140,  X*
31, 35.0, 207454, 28449, 2488, 8670, 1487, 2228, 1049, 2717, 66, 38, 1.53, 254542,  X*
32, 36.0, 1341117, 231161, 98840, 23641, 74822, 55023, 26914, 32821, 60, 41, 1.40, 1884339,  X*
33, 37.0, 244478, 46391, 11612, 13252, 9982, 4258, 5638, 4263, 37, 48, 1.44, 339874,  X*
34, 38.0, 424159, 50444, 6857, 13664, 11917, 10034, 5353, 4316, 40, 51, 1.48, 526744,  X*
35, 39.0, 2587694, 235493, 164461, 99143, 62926, 63280, 60348, 27108, 54, 61, 1.57, 3300453,  X*
36, 40.0, 1069875, 145182, 45717, 8049, 6097, 13957, 17792, 4754, 38, 61, 1.53, 1311423,  X*
37, 41.0, 1189825, 159830, 17911, 28163, 16182, 24047, 24329, 4218, 50, 54, 1.53, 1464505,  X*
38, 42.0, 1075656, 121703, 38423, 28479, 24235, 41277, 42475, 23676, 60, 57, 1.41, 1395924,  X*
39, 43.0, 661068, 69691, 29690, 4834, 7464, 15139, 10117, 7054, 63, 50, 1.39, 805057,  X*
40, 44.0, 117024, 29471, 1766, 1357, 1683, 2659, 3237, 2176, 66, 34, 1.19, 159373,  X*
41, 45.0, 678239, 21356, 19803, 15766, 3089, 7682, 7137, 4189, 70, 51, 1.25, 757261,  X*
42, 46.0, 365416, 90965, 8208, 10051, 15510, 13634, 10540, 4807, 60, 40, 1.20, 519131,  X*
43, 47.0, 664372, 13805, 2122, 4544, 2483, 4358, 2294, 1235, 67, 38, 1.27, 695213,  X*
44, 48.0, 886288, 95811, 23822, 24485, 13273, 8610, 18405, 20656, 63, 56, 1.23, 1091350,  X*
45, 49.0, 742099, 117853, 14248, 20471, 22278, 18531, 23318, 7270, 60, 38, 1.30, 966068,  X*
46, 50.0, 605573, 61439, 5143, 39608, 7200, 16900, 7972, 4110, 66, 51, 1.29, 747945,  X*
47, 51.0, 813295, 22928, 4540, 7090, 15845, 8658, 6218, 6371, 67, 48, 1.26, 884945,  X*
48, 52.0, 404143, 279221, 109633, 42109, 70095, 58114, 29401, 11034, 81, 48, 1.38, 1003750,  X*
49, 53.0, 2342494, 148428, 38304, 92290, 70486, 47350, 108916, 18033, 87, 56, 1.37, 2866301,  X*
50, 54.0, 579443, 211204, 13999, 14126, 12564, 26743, 30941, 6709, 78, 38, 1.33, 895729,  X*
51, 55.0, 87534, 20639, 8190, 1929, 3521, 2267, 3466, 4027, 54, 43, 1.20, 131573,  X*
52, 56.0, 473439, 13083, 4287, 4317, 4223, 4278, 3372, 4857, 63, 44, 1.21, 511856,  X*
53, 57.0, 489486, 55183, 16408, 16681, 1140, 2939, 3421, 3059, 34, 48, 1.28, 588317,  X*
54, 58.0, 918842, 126873, 15696, 19474, 16023, 6825, 6782, 8913, 16, 56, 1.36, 1119428,  X*
55, 59.0, 1420489, 373058, 158780, 21535, 52040, 117842, 48145, 12621, 37, 54, 1.51, 2204510,  X*
56, 60.0, 2633270, 183738, 66500, 168428, 59557, 46740, 14748, 71184, 26, 63, 1.63, 3244165,  X*
57, 61.0, 787085, 144731, 13175, 22162, 5424, 6884, 6548, 7978, 27, 51, 1.73, 993987,  X*
58, 62.0, 17332, 13631, 1022, 2617, 597, 998, 1107, 589, 34, 53, 1.57, 37893,  X*
59, 63.0, 378990, 100111, 18772, 10611, 9219, 7199, 2659, 3762, 10, 50, 1.70, 531323,  X*
60, 64.0, 83131, 36756, 11927, 7352, 7020, 4336, 3487, 4187, 3, 41, 1.68, 158196,  X*
61, 65.0, 1101355, 130909, 50560, 12585, 11762, 6277, 21348, 13545, 1, 48, 1.60, 1348341,  X*
62, 66.0, 775295, 34997, 29438, 13960, 17784, 8766, 32637, 6675, 13, 60, 1.51, 919552,  X*
63, 67.0, 189237, 24794, 4514, 7810, 2577, 2830, 5797, 1990, 17, 66, 1.48, 239549,  X*
64, 68.0, 1108403, 55122, 44527, 8102, 11495, 10150, 4906, 3892, 20, 70, 1.51, 1246597,  X*
65, 69.0, 706281, 125177, 70607, 51724, 38106, 34832, 39144, 28179, 44, 77, 1.46, 1094050,  X*
66, 70.0, 619389, 78878, 20059, 5257, 8867, 17888, 11252, 6048, 53, 64, 1.44, 767638,  X*
67, 71.0, 1676244, 612935, 8058, 192977, 74041, 55876, 99229, 114444, 51, 60, 1.38, 2833804,  X*
68, 72.0, 125680, 93442, 14132, 23279, 6130, 12171, 14618, 4586, 51, 51, 1.41, 294038,  X*
69, 73.0, 2422743, 374260, 8074, 113630, 34887, 90978, 35917, 14780, 56, 40, 1.23, 3095269,  X*
70, 74.0, 853699, 248870, 44648, 15198, 4658, 18542, 6315, 5733, 37, 38, 1.39, 1197663,  X*
71, 75.0, 265215, 84648, 24372, 19159, 2557, 4438, 9899, 4914, 24, 44, 1.50, 415202,  X*
72, 76.0, 2087569, 1285369, 120692, 75453, 61590, 53278, 34615, 35999, 8, 34, 1.67, 3754565,  X*
73, 77.0, 1356994, 221953, 45685, 68928, 112688, 54500, 55774, 33128, 7, 37, 1.61, 1949650,  X*
74, 78.0, 288292, 97362, 3836, 30605, 15236, 17830, 14549, 8291, 20, 40, 1.56, 476001,  X*
75, 79.0, 902711, 39141, 10211, 8981, 5531, 10091, 8104, 4952, 48, 37, 1.37, 989722,  X*
76, 80.0, 691837, 29216, 23411, 9823, 3892, 4886, 16978, 4349, 61, 60, 1.28, 784392,  X*
77, 81.0, 175418, 89635, 22893, 16483, 7005, 4632, 5320, 4814, 34, 63, 1.35, 326200,  X*
78, 82.0, 801412, 270543, 50588, 99165, 83285, 82290, 67535, 23376, 43, 64, 1.38, 1478194,  X*
79, 83.0, 80747, 162509, 87241, 31795, 19138, 10805, 17308, 15065, 16, 74, 1.53, 424608,  X*
80, 84.0, 614916, 126260, 29530, 44808, 21026, 13121, 8918, 6571, 13, 64, 1.72, 865150,  X*
81, 85.0, 67777, 9245, 2861, 4187, 4344, 1187, 1596, 1131, 24, 67, 1.79, 92328,  X*
82, 86.0, 1067210, 195889, 17107, 42454, 8112, 22354, 9056, 21396, 8, 64, 1.67, 1383578,  X*
83, 87.0, 263552, 80328, 26040, 29541, 39732, 22607, 19613, 19224, 35, 57, 1.65, 500637,  X*
84, 88.0, 330083, 110014, 19371, 11133, 11976, 5532, 20419, 6966, 26, 50, 1.49, 515494,  X*
85, 89.0, 1611097, 400310, 48430, 50907, 24397, 16702, 24287, 24407, 11, 41, 1.34, 2200537,  X*
86, 90.0, 355072, 16817, 1094, 8151, 2026, 4715, 2630, 2554, 27, 47, 1.26, 393059,  X*
87, 91.0, 212525, 452703, 29382, 57890, 16544, 13215, 28481, 16456, 1, 37, 1.26, 827196,  X*
88, 92.0, 1793900, 229930, 15657, 84645, 37086, 15862, 13435, 8516, 10, 41, 1.42, 2199031,  X*
89, 93.0, 271148, 18352, 1048, 2117, 4153, 3859, 5941, 2388, 41, 34, 1.33, 309006,  X*
90, 94.0, 65574, 31485, 32256, 7424, 3621, 4505, 6352, 6220, 24, 44, 1.38, 157437,  X*
91, 95.0, 672726, 233962, 128308, 62624, 57072, 21706, 14771, 17708, 38, 57, 1.61, 1208877,  X*
92, 96.0, 1757562, 374822, 178212, 119498, 109114, 63196, 43652, 34059, 48, 64, 1.73, 2680115,  X*
93, 97.0, 1975748, 747396, 137894, 83049, 56517, 92372, 35973, 42209, 38, 74, 1.66, 3171158,  X*
94, 98.0, 675339, 54274, 5123, 12280, 10064, 5441, 9056, 3778, 41, 56, 1.77, 775355,  X*
95, 99.0, 1322342, 442792, 94472, 30239, 154475, 48396, 43648, 15378, 47, 43, 1.72, 2151742,  X*
96, 100.0, 41035, 13359, 10337, 4491, 6682, 2223, 2378, 7852, 44, 47, 1.49, 88357,  X*
97, 101.0, 772118, 12701, 3430, 6260, 6520, 2982, 4740, 1885, 50, 53, 1.35, 810636,  X*
98, 102.0, 676381, 42490, 11384, 8836, 11101, 5204, 5183, 3029, 50, 56, 1.33, 763608,  X*
99, 103.0, 196769, 25640, 2397, 2736, 3858, 4168, 2194, 3136, 57, 53, 1.29, 240898,  X*
100, 104.0, 1590734, 187813, 24026, 32431, 23894, 9485, 13423, 23797, 48, 40, 1.25, 1905603,  X*
101, 105.0, 724239, 226546, 49644, 52793, 20886, 23448, 15000, 17557, 38, 37, 1.36, 1130113,  X*
102, 106.0, 251783, 28116, 9362, 2592, 1889, 2853, 2401, 3953, 37, 37, 1.38, 302949,  X*
103, 107.0, 799378, 238308, 39673, 69575, 89686, 5268, 18174, 19210, 10, 47, 1.40, 1279272,  X*
104, 108.0, 1120575, 165078, 93792, 9144, 21688, 10682, 14551, 20812, 11, 54, 1.51, 1456322,  X*
105, 109.0, 984941, 105284, 23937, 40412, 51587, 15892, 10377, 15101, 20, 56, 1.58, 1247531,  X*
106, 110.0, 692076, 78989, 30881, 32139, 33224, 11151, 29707, 7065, 21, 61, 1.50, 915232,  X*
107, 111.0, 107761, 38445, 58497, 7454, 4663, 4188, 6405, 6541, 37, 80, 1.64, 233954,  X*
108, 112.0, 438294, 288310, 79123, 40552, 12287, 13168, 31770, 25589, 34, 77, 1.59, 929093,  X*
109, 113.0, 215134, 60560, 10575, 2511, 3663, 6685, 9779, 3156, 34, 67, 1.48, 312063,  X*
110, 114.0, 1188593, 439720, 655155, 82453, 168288, 91015, 138249, 86465, 35, 77, 1.50, 2849938,  X*
111, 115.0, 1185760, 451077, 387276, 190663, 52053, 86852, 84052, 24486, 43, 70, 1.69, 2462219,  X*
112, 116.0, 613628, 327236, 48670, 9836, 37278, 9191, 27484, 12396, 38, 60, 1.52, 1085719,  X*
113, 117.0, 988460, 89084, 26842, 20390, 28522, 17938, 11572, 11064, 41, 67, 1.52, 1193872,  X*
114, 118.0, 1016053, 219267, 119388, 19078, 17882, 21509, 13472, 16769, 38, 60, 1.72, 1443418,  X*
115, 119.0, 197936, 10750, 2375, 3033, 19578, 3887, 3593, 4347, 53, 38, 1.55, 245499,  X*
116, 120.0, 1317534, 111297, 49865, 36212, 36765, 9741, 12273, 11542, 63, 51, 1.46, 1585229,  X*
117, 121.0, 733055, 89995, 11600, 17233, 8711, 15976, 13615, 9152, 64, 50, 1.45, 899337,  X*
118, 122.0, 1786281, 980866, 54555, 102460, 223668, 60397, 71045, 24212, 61, 30, 1.43, 3303484,  X*
119, 123.0, 557403, 82805, 11388, 3407, 7359, 12156, 9652, 6626, 53, 30, 1.22, 690796,  X*
120, 124.0, 641321, 70290, 11063, 10151, 11105, 9774, 16172, 3509, 63, 21, 1.27, 773385,  X*
121, 125.0, 970110, 99909, 30137, 7350, 56257, 15279, 23660, 9287, 60, 20, 1.10, 1211989,  X*
122, 126.0, 217862, 27158, 9096, 6486, 3642, 3961, 6575, 1355, 67, 35, 1.17, 276135,  X*
123, 127.0, 229842, 26215, 1511, 7588, 7514, 2783, 5389, 2335, 61, 41, 1.12, 283177,  X*
124, 128.0, 285592, 36081, 15819, 2229, 3698, 1879, 1921, 3791, 47, 48, 1.26, 351010,  X*
125, 129.0, 979511, 35431, 3944, 4790, 3258, 6722, 6175, 2067, 53, 47, 1.25, 1041898,  X*
126, 130.0, 777020, 203174, 40966, 17769, 12074, 26861, 17505, 6741, 53, 40, 1.36, 1102110,  X*
127, 131.0, 2198122, 518558, 80333, 101009, 23115, 54675, 76518, 28500, 54, 41, 1.33, 3080830,  X*
128, 132.0, 1906534, 113893, 33922, 28861, 11869, 15806, 6156, 5222, 67, 43, 1.59, 2122263,  X*
129, 133.0, 111320, 134105, 6244, 2390, 8980, 8730, 5611, 1767, 54, 27, 1.48, 279147,  X*
130, 134.0, 38727, 18189, 6776, 2355, 2677, 2570, 548, 620, 54, 34, 1.81, 72462,  X*
131, 135.0, 1314204, 194101, 81093, 58167, 31280, 47833, 24757, 6271, 61, 40, 1.94, 1757706,  X*
132, 136.0, 706686, 95293, 29220, 7408, 3972, 9954, 3115, 3826, 56, 35, 2.11, 859474,  X*
133, 137.0, 57608, 23783, 8905, 8325, 6048, 2450, 2701, 748, 54, 63, 2.11, 110568,  X*
134, 138.0, 232740, 213406, 13183, 11895, 15560, 8012, 9493, 4541, 41, 47, 2.16, 508830,  X*
135, 139.0, 471789, 88387, 34281, 24093, 16756, 74383, 34860, 13023, 54, 43, 1.85, 757572,  X*
136, 140.0, 563405, 77322, 12811, 21055, 14821, 6779, 14069, 6636, 51, 43, 1.66, 716898,  X*
137, 141.0, 328412, 147651, 5166, 12404, 10819, 24604, 5910, 6353, 61, 23, 1.46, 541319,  X*
138, 142.0, 1971734, 58616, 16297, 19760, 16491, 15607, 6918, 3554, 80, 38, 1.37, 2108977,  X*
139, 143.0, 613089, 70997, 11385, 13921, 14872, 9245, 5722, 1969, 61, 35, 1.47, 741200,  X*
140, 144.0, 314581, 128779, 6893, 4943, 8740, 4853, 3400, 3227, 54, 17, 1.51, 475416,  X*
141, 145.0, 157559, 284477, 26285, 19753, 13390, 20334, 9985, 5704, 43, 23, 1.60, 537487,  X*
142, 146.0, 482306, 404955, 84994, 50003, 26493, 43978, 101413, 18188, 30, 20, 1.59, 1212330,  X*
143, 147.0, 311477, 84694, 6655, 37878, 12809, 18028, 14127, 14042, 35, 23, 1.45, 499710,  X*
144, 148.0, 281608, 114994, 33883, 27740, 9539, 20438, 16321, 2794, 50, 43, 1.46, 507317,  X*
145, 149.0, 324368, 278003, 34999, 7527, 7427, 21394, 23572, 12135, 51, 43, 1.40, 709425,  X*
146, 150.0, 902630, 82076, 89962, 11776, 29957, 20403, 16044, 24696, 56, 53, 1.34, 1177544,  X*
147, 151.0, 442605, 162084, 87934, 16926, 41577, 20217, 21620, 15471, 48, 56, 1.43, 808434,  X*
148, 152.0, 550487, 234954, 54038, 40256, 19991, 19839, 31612, 43176, 40, 51, 1.42, 994353,  X*
149, 153.0, 592186, 29892, 5730, 13142, 7445, 4210, 6572, 4202, 43, 66, 1.30, 663379,  X*
150, 154.0, 1534744, 190353, 39270, 63443, 19285, 18284, 32871, 13111, 37, 61, 1.39, 1911361,  X*
151, 155.0, 292612, 27837, 3636, 3233, 6421, 2488, 1754, 2399, 37, 51, 1.36, 340380,  X*
152, 156.0, 1620824, 1127466, 25097, 118879, 44840, 29562, 57357, 35573, 26, 38, 1.28, 3059598,  X*
153, 157.0, 1213674, 289894, 231222, 33969, 26097, 43245, 38716, 20791, 23, 47, 1.45, 1897608,  X*
154, 158.0, 27727, 2321, 2898, 210, 728, 1314, 348, 546, 40, 51, 1.51, 36092,  X*
155, 159.0, 1081774, 257741, 16104, 27244, 31086, 18523, 18329, 11593, 40, 47, 1.45, 1462394,  X*
156, 160.0, 22213, 24961, 3509, 838, 2724, 1026, 2609, 1655, 44, 50, 1.38, 59535,  X*
157, 161.0, 566615, 14125, 4958, 7279, 7447, 6380, 3067, 4636, 60, 41, 1.40, 614507,  X*
158, 162.0, 54516, 54676, 10429, 23558, 14126, 11777, 7107, 12908, 51, 37, 1.27, 189097,  X*
159, 163.0, 1009840, 255257, 16576, 24325, 17258, 16442, 9578, 5911, 51, 37, 1.27, 1355187,  X*
160, 164.0, 300840, 225049, 84698, 23834, 14230, 22996, 27029, 41499, 57, 48, 1.27, 740175,  X*
161, 165.0, 336242, 595918, 73815, 57594, 38074, 18433, 29680, 33704, 30, 41, 1.37, 1183460,  X*
162, 166.0, 223137, 31513, 7938, 1195, 8841, 6060, 6848, 9418, 30, 29, 1.25, 294950,  X*
163, 167.0, 203035, 73690, 6519, 7351, 1810, 4603, 7618, 2518, 30, 34, 1.24, 307144,  X*
164, 168.0, 1013904, 320021, 270427, 62166, 60099, 90844, 50851, 46623, 41, 40, 1.26, 1914935,  X*
165, 169.0, 1148537, 59842, 23371, 8251, 15409, 17802, 24773, 9412, 64, 44, 1.21, 1307397,  X*
166, 170.0, 131273, 98546, 11594, 6679, 34627, 13775, 25930, 15620, 61, 40, 1.05, 338044,  X*
167, 171.0, 1537117, 498292, 118566, 45274, 37591, 32496, 21169, 50542, 60, 47, 1.22, 2341047,  X*
168, 172.0, 79938, 50870, 14136, 5577, 12835, 4297, 5636, 7087, 50, 35, 1.22, 180376,  X*
169, 173.0, 1954769, 247062, 12423, 96736, 57584, 81464, 32675, 18705, 51, 34, 1.13, 2501418,  X*
170, 174.0, 1220524, 47978, 31436, 13497, 18718, 11353, 14198, 5610, 53, 51, 1.25, 1363314,  X*
171, 175.0, 1117995, 39291, 6827, 8238, 8488, 7958, 5186, 3930, 66, 50, 1.37, 1197913,  X*
172, 176.0, 682799, 100697, 10868, 29599, 9803, 20475, 13603, 11337, 77, 51, 1.32, 879181,  X*
173, 177.0, 294888, 22200, 11900, 10349, 3425, 5285, 2630, 2403, 67, 60, 1.49, 353080,  X*
174, 178.0, 1308627, 174462, 9984, 60132, 66495, 14817, 23172, 9094, 60, 51, 1.51, 1666783,  X*
175, 179.0, 833806, 359445, 313645, 23468, 88007, 70135, 34050, 31229, 56, 63, 1.60, 1753785,  X*
176, 180.0, 148552, 44039, 7763, 22331, 6604, 6597, 2586, 4302, 50, 69, 1.75, 242774,  X*
177, 181.0, 2102116, 328986, 190952, 47770, 138902, 108771, 66300, 55962, 54, 64, 1.77, 3039759,  X*
178, 182.0, 851360, 95439, 34683, 72445, 37140, 46501, 17382, 14622, 69, 75, 1.71, 1169572,  X*
179, 183.0, 712439, 77897, 6881, 30237, 26993, 11259, 12956, 8787, 67, 66, 1.68, 887449,  X*
180, 184.0, 1324371, 1942609, 168405, 51857, 32953, 36946, 113959, 57016, 50, 47, 1.50, 3728116,  X*
181, 185.0, 140226, 37600, 5720, 11777, 5863, 4309, 3864, 2894, 40, 47, 1.41, 212253,  X*
182, 186.0, 1295470, 257845, 4064, 43860, 9596, 8859, 31018, 10905, 14, 29, 1.34, 1661617,  X*
183, 187.0, 1364138, 262376, 280105, 50932, 41083, 52776, 106260, 42464, 13, 43, 1.27, 2200134,  X*
184, 188.0, 546986, 303962, 124966, 141451, 34380, 50286, 63827, 50475, 34, 66, 1.32, 1316333,  X*
185, 189.0, 375406, 27212, 8510, 9378, 4326, 5686, 5970, 2225, 38, 67, 1.41, 438713,  X*
186, 190.0, 136332, 393729, 22221, 12362, 10970, 22752, 40520, 12744, 47, 60, 1.25, 651630,  X*
187, 191.0, 1179407, 263819, 19951, 26993, 36720, 30793, 33364, 19714, 50, 37, 1.25, 1610761,  X*
188, 192.0, 626779, 141358, 6169, 64658, 18078, 16227, 15494, 12142, 48, 29, 1.25, 900905,  X*
189, 193.0, 319344, 32723, 7620, 3314, 7839, 4016, 5399, 5747, 44, 21, 1.14, 386002,  X*
190, 194.0, 1088865, 273925, 6990, 19931, 39119, 8029, 9380, 25148, 37, 23, 1.01, 1471387,  X*
191, 195.0, 103581, 36159, 10530, 7906, 3192, 9185, 5292, 2892, 41, 37, 1.15, 178737,  X*
192, 196.0, 361584, 147388, 24941, 40662, 4146, 18933, 26741, 6234, 43, 37, 1.25, 630629,  X*
193, 197.0, 95435, 15388, 7781, 3685, 3184, 3240, 7550, 1949, 44, 44, 1.20, 138212,  X*
194, 198.0, 689600, 125952, 126962, 14923, 14855, 22122, 31879, 12886, 57, 74, 1.33, 1039179,  X*
195, 199.0, 1271996, 101825, 50622, 41853, 14218, 39608, 17239, 20396, 61, 78, 1.47, 1557757,  X*
196, 200.0, 229731, 250188, 23853, 31182, 18161, 19897, 14503, 24212, 56, 67, 1.40, 611727,  X*
197, 201.0, 158405, 40444, 15423, 3238, 3703, 6315, 4680, 4156, 54, 64, 1.38, 236364,  X*
198, 202.0, 731080, 117693, 11172, 19990, 9757, 15151, 11421, 7941, 57, 48, 1.41, 924205,  X*
199, 203.0, 1980095, 359567, 114606, 34392, 82405, 77135, 68473, 39940, 54, 40, 1.31, 2756613,  X*
200, 204.0, 789526, 374436, 38094, 24107, 4549, 33828, 12021, 7967, 56, 38, 1.34, 1284528,  X*
201, 205.0, 669392, 307837, 26501, 23072, 5761, 8421, 10962, 15637, 40, 26, 1.38, 1067583,  X*
202, 206.0, 147495, 40779, 26892, 11105, 2757, 4960, 8043, 6725, 35, 43, 1.42, 248756,  X*
203, 207.0, 193048, 20732, 4159, 10704, 4279, 5211, 5771, 2725, 35, 48, 1.43, 246629,  X*
204, 208.0, 450503, 78353, 9803, 11018, 11934, 7374, 4452, 3838, 35, 53, 1.52, 577275,  X*
205, 209.0, 331811, 60710, 27111, 6019, 11670, 9784, 6604, 12153, 51, 64, 1.42, 465862,  X*
206, 210.0, 54918, 68543, 4580, 6959, 2419, 4251, 1266, 1554, 50, 43, 1.55, 144490,  X*
207, 211.0, 881848, 71790, 5741, 25250, 9001, 13742, 13324, 4790, 48, 40, 1.49, 1025486,  X*
208, 212.0, 1088169, 303450, 45850, 104827, 42850, 47835, 35788, 19560, 53, 44, 1.55, 1688329,  X*
209, 213.0, 195264, 19902, 6075, 3156, 4435, 4468, 1462, 791, 56, 43, 1.64, 235553,  X*
210, 214.0, 1208005, 211513, 16414, 34075, 11980, 15794, 7455, 6119, 57, 47, 1.77, 1511355,  X*
211, 215.0, 673108, 305789, 15287, 16478, 6139, 12890, 3741, 14012, 43, 30, 1.65, 1047444,  X*
212, 216.0, 1828900, 1830754, 43918, 244990, 42026, 32388, 29276, 72692, 20, 20, 1.71, 4124944,  X*
213, 217.0, 154852, 126277, 3623, 2673, 3367, 4043, 5692, 2615, 1, 1, 1.56, 303142,  X*
214, 218.0, 754190, 394835, 12641, 13967, 24814, 16122, 25780, 12645, 1, 1, 1.33, 1254994,  X*
215, 219.0, 96901, 21090, 7314, 1515, 1732, 7114, 4335, 1737, 16, 1, 1.18, 141738,  X*
216, 220.0, 747751, 85081, 14203, 4595, 14198, 15096, 15125, 5207, 43, 4, 1.09, 901256,  X*
217, 221.0, 169076, 21461, 10290, 3360, 2281, 3494, 3826, 7376, 57, 29, 0.98, 221164,  X*
218, 222.0, 713417, 120987, 37448, 5658, 10724, 13044, 10763, 16843, 64, 48, 1.04, 928884,  X*
219, 223.0, 718976, 23722, 5257, 9347, 1322, 6947, 1496, 1469, 61, 53, 1.31, 768536,  X*
220, 224.0, 387901, 19875, 13457, 28081, 7290, 8894, 4110, 3809, 61, 75, 1.53, 473417,  X*
221, 225.0, 931805, 40302, 16168, 10593, 21743, 27278, 5492, 18691, 78, 69, 1.55, 1072072,  X*
222, 226.0, 979392, 141104, 54806, 3020, 9279, 30076, 15509, 8212, 84, 69, 1.61, 1241398,  X*
223, 227.0, 1124425, 257555, 59250, 33856, 24307, 17618, 17856, 8641, 70, 66, 1.75, 1543508,  X*
224, 228.0, 990975, 63856, 24269, 31958, 7191, 11273, 5728, 4385, 66, 60, 1.79, 1139635,  X*
225, 231.0, 1066919, 678575, 317010, 501205, 97130, 95619, 54191, 25640, 44, 69, 1.98, 2836289,  X*
226, 232.0, 2151013, 1355855, 111608, 141365, 259068, 191302, 141243, 41393, 43, 61, 2.01, 4392847,  X*
227, 235.0, 640611, 653920, 339934, 196383, 183442, 165927, 49001, 51196, 53, 67, 2.20, 2280414,  X*
228, 236.0, 85456, 47064, 9270, 15191, 4439, 5157, 7420, 7645, 50, 63, 2.08, 181642,  X*
229, 237.0, 589441, 179724, 29158, 37682, 16385, 13549, 33672, 11893, 48, 53, 1.85, 911504,  X*
230, 238.0, 186987, 122476, 10789, 16414, 10338, 3008, 8665, 5895, 27, 56, 1.48, 364572,  X*
231, 239.0, 1830996, 638214, 48098, 56751, 71512, 45797, 21361, 34806, 17, 41, 1.51, 2747535,  X*
232, 240.0, 1985097, 336124, 29912, 48857, 94425, 26167, 77547, 33085, 16, 30, 1.22, 2631214,  X*
233, 241.0, 1825818, 278844, 93570, 6002, 18097, 21992, 21596, 30978, 17, 29, 1.21, 2296897,  X*
234, 242.0, 1245367, 12577, 14813, 51912, 44922, 20678, 32355, 13099, 48, 48, 1.19, 1435723,  X*
235, 243.0, 804599, 25950, 48837, 18405, 11640, 25638, 7282, 4281, 64, 69, 1.39, 946632,  X*
236, 244.0, 2366002, 284987, 138787, 38055, 31353, 45077, 26787, 20665, 69, 81, 1.49, 2951713,  X*
237, 245.0, 411944, 178220, 233474, 56771, 133886, 50293, 37443, 22530, 77, 90, 1.74, 1124561,  X*
238, 246.0, 1217845, 397037, 29281, 68317, 4744, 55869, 24772, 11392, 66, 75, 1.83, 1809257,  X*
239, 247.0, 823877, 43944, 13572, 15952, 6536, 12275, 10119, 5745, 60, 64, 1.87, 932020,  X*
240, 248.0, 403107, 36683, 9044, 9392, 2603, 4589, 1608, 618, 57, 64, 1.98, 467644,  X*
241, 249.0, 2362198, 453122, 161597, 28092, 35211, 31664, 24512, 15554, 50, 56, 2.02, 3111950,  X*
242, 250.0, 3034976, 321943, 134712, 21367, 57226, 88963, 36520, 49974, 56, 61, 1.85, 3745681,  X*
243, 251.0, 642452, 116481, 30143, 3461, 8176, 4633, 6122, 4969, 38, 54, 1.83, 816437,  X*
244, 252.0, 747345, 400877, 29968, 80696, 39403, 29621, 44804, 21964, 34, 48, 1.81, 1394678,  X*
245, 253.0, 784852, 206230, 34115, 31193, 40984, 19611, 18161, 26643, 37, 43, 1.46, 1161789,  X*
246, 254.0, 704095, 114281, 44715, 6638, 15082, 26772, 9343, 8480, 35, 43, 1.37, 929406,  X*
247, 255.0, 589626, 61610, 33324, 13156, 5708, 9004, 6331, 2574, 47, 51, 1.58, 721333,  X*
248, 256.0, 119761, 24283, 4360, 3324, 5118, 5490, 3200, 2039, 57, 51, 1.51, 167575,  X*
249, 257.0, 1717552, 199145, 67696, 30297, 25828, 39954, 20580, 21440, 64, 54, 1.55, 2122492,  X*
250, 258.0, 324927, 124214, 11758, 842, 28494, 3039, 6186, 2539, 41, 40, 1.52, 501999,  X*
251, 259.0, 667873, 49912, 11635, 46086, 2744, 21737, 13617, 8391, 51, 43, 1.52, 821995,  X*
252, 260.0, 396520, 80586, 43709, 8635, 15511, 12059, 8778, 9835, 43, 50, 1.38, 575633,  X*
253, 261.0, 425607, 159821, 27057, 40561, 7993, 11123, 13377, 7713, 34, 53, 1.50, 693252,  X*
254, 262.0, 524014, 29577, 25175, 16816, 5958, 18774, 21449, 8276, 61, 78, 1.44, 650039,  X*
255, 263.0, 116942, 89353, 8092, 8103, 6982, 7255, 5489, 2125, 51, 61, 1.52, 244341,  X*
256, 264.0, 1365202, 36976, 15990, 8288, 2671, 3248, 3084, 2638, 47, 63, 1.62, 1438097,  X*
257, 265.0, 1205248, 61843, 74638, 38274, 12160, 19416, 14802, 27518, 56, 75, 1.64, 1453899,  X*
258, 266.0, 114041, 60081, 20945, 13386, 1562, 3961, 6465, 6277, 35, 69, 1.60, 226718,  X*
259, 267.0, 178207, 69130, 1888, 5237, 5422, 3787, 13267, 1731, 29, 63, 1.51, 278669,  X*
260, 268.0, 77020, 75540, 20711, 2216, 9257, 2116, 2694, 3655, 20, 54, 1.55, 193209,  X*
261, 269.0, 600202, 194263, 44153, 66299, 17694, 11149, 15629, 12256, 7, 44, 1.54, 961645,  X*
262, 270.0, 1954640, 685620, 427836, 69480, 84619, 42756, 170426, 68263, 3, 48, 1.48, 3503640,  X*
263, 271.0, 850408, 302895, 90451, 22819, 10796, 19901, 18726, 9980, 3, 63, 1.54, 1325976,  X*
264, 272.0, 586393, 29116, 14339, 11488, 4091, 8108, 4564, 5274, 24, 70, 1.71, 663373,  X*
265, 273.0, 2240879, 280103, 113475, 140437, 56431, 86302, 26367, 33220, 43, 75, 1.79, 2977214,  X*
266, 275.0, 707700, 224035, 13918, 20470, 17289, 26404, 8954, 8849, 54, 56, 1.67, 1027619,  X*
267, 276.0, 3086401, 1006778, 4408, 59683, 456565, 208042, 97722, 37866, 69, 35, 1.52, 4957465,  X*
268, 277.0, 304059, 6842, 3392, 16308, 34193, 26600, 17148, 7648, 84, 26, 1.31, 416190,  X*
269, 278.0, 1663715, 197759, 30309, 22777, 20404, 23192, 14918, 17395, 77, 16, 1.24, 1990469,  X*
270, 279.0, 313829, 273565, 13445, 8742, 29189, 14800, 22624, 9883, 66, 10, 0.99, 686077,  X*
271, 280.0, 1042954, 274464, 395154, 30010, 165526, 33116, 22976, 19066, 50, 43, 1.27, 1983266,  X*
272, 281.0, 144478, 35559, 8258, 18403, 16837, 5596, 5334, 2742, 26, 48, 1.51, 237207,  X*
273, 282.0, 176571, 16257, 12805, 3991, 12382, 12237, 5293, 1147, 40, 56, 1.67, 240683,  X*
274, 283.0, 437402, 168390, 6891, 17262, 22740, 27410, 13716, 4913, 50, 61, 1.64, 698724,  X*
275, 284.0, 540560, 37634, 10123, 5124, 4353, 4282, 4224, 2888, 54, 51, 1.76, 609188,  X*
276, 285.0, 704485, 265411, 16703, 36856, 35104, 46192, 14362, 3639, 61, 40, 1.57, 1122752,  X*
277, 286.0, 861271, 131853, 9672, 3857, 8692, 12735, 5035, 4215, 48, 21, 1.44, 1037330,  X*
278, 287.0, 905466, 486348, 20360, 136944, 105313, 115877, 81233, 139873, 51, 29, 1.27, 1991414,  X*
279, 288.0, 265182, 213453, 54472, 24856, 6857, 14134, 16258, 17521, 44, 29, 1.34, 612733,  X*
280, 289.0, 1039098, 62977, 13062, 7516, 5012, 15882, 9648, 9798, 48, 35, 1.25, 1162993,  X*
281, 290.0, 1326084, 449557, 76108, 55236, 33083, 21580, 28477, 12712, 38, 48, 1.26, 2002837,  X*
282, 291.0, 920622, 37964, 3702, 6807, 3007, 3429, 5833, 1461, 29, 48, 1.27, 982825,  X*
283, 292.0, 975417, 309253, 11437, 10161, 18476, 13545, 32240, 6627, 27, 29, 1.28, 1377156,  X*
284, 293.0, 301278, 107495, 25857, 40225, 10154, 14181, 25290, 15533, 17, 38, 1.23, 540013,  X*
285, 294.0, 614749, 231192, 34198, 72996, 40036, 21269, 22632, 18779, 24, 41, 1.34, 1055851,  X*
286, 295.0, 747217, 190081, 5079, 31309, 22788, 11764, 14835, 20151, 21, 37, 1.17, 1043224,  X*
287, 296.0, 865735, 213120, 76534, 77427, 31402, 45012, 50870, 26701, 30, 61, 1.20, 1386801,  X*
288, 297.0, 67577, 38264, 11695, 8281, 3506, 6705, 5049, 2693, 35, 60, 1.37, 143770,  X*
289, 298.0, 1869382, 146064, 3347, 24021, 16295, 20066, 12316, 20790, 41, 48, 1.28, 2112281,  X*
290, 299.0, 470331, 254853, 37174, 23930, 20616, 12936, 7974, 13229, 38, 51, 1.30, 841043,  X*
291, 300.0, 1595876, 116010, 31348, 12459, 9711, 20488, 34952, 10787, 40, 44, 1.31, 1831631,  X*
292, 301.0, 611863, 191697, 40809, 10037, 14000, 20154, 19119, 6447, 37, 38, 1.31, 914126,  X
293, 302.0, 343206, 76060, 10704, 7312, 16479, 10636, 16450, 7834, 37, 40, 1.16, 488681,  X
294, 303.0, 404068, 73462, 21701, 7877, 10441, 20309, 6650, 9838, 51, 43, 1.25, 554346,  X
295, 304.0, 988096, 211645, 50441, 20945, 27705, 31408, 52760, 43604, 50, 41, 1.08, 1426604,  X
296, 305.0, 191521, 54706, 9335, 5961, 2971, 3006, 3480, 2436, 43, 43, 1.20, 273416,  X
297, 306.0, 564767, 77641, 12321, 16239, 44482, 11807, 14998, 7383, 43, 43, 1.15, 749638,  X
298, 307.0, 1248563, 537735, 149549, 27966, 103771, 62518, 79217, 63917, 37, 41, 1.19, 2273236,  X
299, 308.0, 1458157, 260115, 55869, 28677, 41117, 37787, 26784, 17341, 37, 41, 1.20, 1925847,  X
300, 309.0, 873410, 100995, 27644, 8406, 11652, 11848, 5455, 9117, 43, 43, 1.34, 1048527,  X
301, 310.0, 1458123, 146045, 28583, 19048, 25821, 18884, 10627, 13214, 41, 44, 1.30, 1720345,  X
302, 311.0, 381868, 24616, 2564, 1949, 1762, 3379, 2809, 3414, 44, 40, 1.24, 422361,  X
303, 312.0, 1237553, 1017061, 69978, 96273, 22961, 45687, 73504, 36406, 34, 35, 1.28, 2599423,  X
304, 313.0, 2062912, 51430, 23185, 63329, 11749, 15928, 33895, 7729, 37, 50, 1.30, 2270157,  X
305, 314.0, 758865, 160316, 128392, 6612, 25073, 14335, 11336, 22456, 27, 61, 1.34, 1127385,  X
306, 315.0, 1436115, 185515, 10905, 31330, 5608, 16841, 13572, 8550, 24, 64, 1.33, 1708436,  X
307, 316.0, 141452, 55460, 3626, 4768, 3719, 6341, 9495, 3166, 34, 63, 1.33, 228027,  X
308, 317.0, 2189683, 576890, 40727, 16918, 25109, 40181, 88754, 26481, 27, 37, 1.22, 3004743,  X
309, 318.0, 629089, 99310, 25587, 13876, 9240, 9563, 9256, 3684, 30, 27, 1.28, 799605,  X
310, 319.0, 162105, 68674, 9339, 14962, 6261, 3202, 5692, 4901, 23, 30, 1.24, 275136,  X
311, 320.0, 683311, 35762, 8167, 9131, 11382, 5852, 1958, 9486, 24, 43, 1.23, 765049,  X
312, 321.0, 132227, 11442, 3733, 1165, 961, 1213, 1598, 718, 26, 56, 1.35, 153057,  X
313, 322.0, 364974, 11292, 35122, 3497, 8949, 7008, 5643, 3966, 34, 74, 1.56, 440451,  X
314, 323.0, 881468, 346318, 58973, 47061, 12665, 12980, 35345, 20605, 34, 70, 1.48, 1415415,  X
315, 324.0, 2064491, 1927966, 185071, 120982, 260501, 109460, 117950, 162827, 24, 61, 1.39, 4949248,  X
316, 325.0, 3622277, 758730, 72655, 47501, 29207, 111182, 88259, 26282, 29, 51, 1.34, 4756093,  X
317, 326.0, 1180245, 362520, 27129, 8535, 20528, 16676, 16376, 15458, 20, 21, 1.26, 1647467,  X
318, 327.0, 99838, 93553, 5873, 13672, 4029, 4036, 3692, 3541, 21, 16, 1.22, 228234,  X
319, 328.0, 180625, 51974, 20202, 1615, 6215, 4400, 8562, 4030, 23, 26, 1.18, 277623,  X
320, 329.0, 66786, 52983, 300, 6656, 9341, 6155, 18917, 4016, 21, 23, 1.07, 165154,  X
321, 330.0, 674309, 46554, 12780, 25768, 16074, 31344, 23765, 8154, 44, 40, 1.08, 838748,  X
322, 331.0, 230310, 1414851, 204061, 162595, 98199, 106450, 71771, 43375, 50, 41, 1.24, 2331612,  X
323, 332.0, 1847187, 1143973, 275620, 325677, 49782, 139311, 32706, 41577, 53, 44, 1.48, 3855833,  X
324, 333.0, 132251, 2812, 9932, 1779, 2649, 2771, 4876, 1366, 57, 74, 1.52, 158436,  X
325, 334.0, 296275, 128329, 9200, 14721, 5036, 10717, 3008, 4642, 40, 63, 1.77, 471928,  X
326, 335.0, 516230, 578323, 90556, 11599, 66105, 39736, 36704, 21798, 40, 57, 1.79, 1361051,  X
327, 336.0, 2172722, 983693, 154835, 222055, 295984, 128618, 93734, 35369, 41, 53, 1.78, 4087010,  X
328, 337.0, 110629, 83454, 26945, 6426, 7772, 12103, 2695, 7858, 35, 40, 1.56, 257882,  X
329, 338.0, 308293, 83504, 15740, 4310, 26127, 11926, 12195, 12308, 41, 40, 1.46, 474403,  X
330, 339.0, 1067044, 87494, 59497, 28819, 17117, 21931, 10100, 9484, 50, 54, 1.53, 1301486,  X
331, 340.0, 897101, 39535, 61598, 4906, 12192, 15426, 8518, 6882, 54, 69, 1.65, 1046158,  X
332, 341.0, 1015780, 1444222, 42405, 87940, 26670, 36527, 27693, 17487, 40, 54, 1.64, 2698724,  X
333, 342.0, 1096272, 93036, 8603, 13736, 17467, 8811, 15815, 5017, 35, 54, 1.50, 1258757,  X
334, 343.0, 554867, 1110083, 12995, 16403, 30209, 52156, 39340, 22948, 23, 24, 1.47, 1839001,  X
335, 344.0, 164037, 29629, 5227, 3223, 2241, 6972, 3195, 1139, 24, 11, 1.34, 215663,  X
336, 345.0, 1259399, 178570, 39789, 31740, 17589, 9736, 23819, 16289, 29, 29, 1.24, 1576931,  X
337, 346.0, 60402, 52227, 3043, 2584, 1142, 5240, 4185, 5978, 30, 26, 1.06, 134801,  X
338, 347.0, 851681, 168740, 33815, 40188, 31059, 14021, 10123, 12359, 35, 51, 1.20, 1161986,  X
339, 348.0, 152408, 57514, 4369, 10585, 11479, 7264, 3863, 2300, 29, 50, 1.37, 249782,  X
340, 349.0, 917426, 184816, 70530, 38385, 24338, 30289, 19964, 25315, 40, 53, 1.39, 1311063,  X
341, 350.0, 101503, 8461, 6272, 1208, 3747, 2545, 1007, 2977, 47, 69, 1.39, 127720,  X
342, 351.0, 1880515, 349393, 10247, 48965, 37021, 26949, 20637, 27490, 48, 61, 1.45, 2401217,  X
343, 352.0, 562761, 130275, 143140, 29104, 17110, 24796, 35393, 28600, 44, 77, 1.39, 971179,  X
344, 353.0, 223894, 18671, 7460, 1748, 3747, 2584, 4382, 978, 43, 75, 1.35, 263464,  X
345, 354.0, 356860, 24686, 32047, 28593, 10060, 7828, 9457, 3576, 40, 84, 1.49, 473107,  X
346, 355.0, 1563668, 203089, 39221, 61619, 48720, 21497, 48694, 18487, 40, 93, 1.47, 2004995,  X
347, 356.0, 309269, 28107, 1566, 11982, 13476, 6896, 5404, 7481, 47, 81, 1.45, 384181,  X
348, 357.0, 1355442, 86569, 23817, 27836, 13902, 18712, 12639, 5908, 50, 83, 1.48, 1544825,  X
349, 358.0, 68412, 12932, 5999, 2745, 4191, 3262, 1220, 1683, 54, 70, 1.56, 100444,  X
350, 359.0, 1259674, 484014, 70643, 12625, 10506, 61632, 15514, 14333, 60, 63, 1.43, 1928941,  X
351, 360.0, 1647504, 341865, 222607, 193745, 130352, 64097, 54781, 36724, 53, 70, 1.61, 2691675,  X
352, 361.0, 205903, 43716, 5671, 4414, 4814, 4869, 2298, 1084, 50, 63, 1.77, 272769,  X
353, 362.0, 113502, 70727, 4406, 2863, 9787, 5948, 2366, 3097, 41, 48, 1.66, 212696,  X
354, 363.0, 225213, 38041, 11620, 24304, 6996, 4582, 6051, 4279, 35, 63, 1.69, 321086,  X
355, 364.0, 3407360, 547868, 149926, 49306, 13855, 39577, 36346, 46290, 29, 54, 1.68, 4290528,  X
356, 365.0, 267568, 173772, 60838, 3633, 10473, 23879, 8971, 4603, 29, 61, 1.63, 553737,  X
357, 366.0, 824595, 274903, 720, 39808, 9274, 15864, 13331, 11475, 26, 64, 1.48, 1189970,  X
358, 367.0, 2757092, 125548, 182337, 51280, 30012, 38129, 43498, 20964, 34, 69, 1.62, 3248860,  X
359, 368.0, 439122, 21724, 6175, 9839, 2734, 3972, 1415, 1245, 41, 77, 1.74, 486226,  X
360, 369.0, 1204562, 242387, 64736, 112182, 48886, 45201, 16617, 19546, 43, 80, 1.88, 1754117,  X
361, 370.0, 102459, 3905, 736, 3007, 1592, 1600, 964, 587, 57, 94, 1.80, 114850,  X
362, 371.0, 166190, 8271, 739, 4440, 1542, 2153, 1409, 1371, 61, 84, 1.84, 186115,  X
363, 372.0, 228416, 80652, 8208, 2791, 2647, 3971, 1465, 1636, 51, 69, 1.84, 329786,  X
364, 373.0, 443480, 78603, 6376, 4808, 18333, 11606, 4403, 6354, 53, 53, 1.56, 573963,  X
365, 374.0, 96857, 33228, 13629, 13393, 8460, 14837, 5696, 4534, 54, 53, 1.44, 190634,  X
366, 375.0, 379417, 30947, 4714, 7062, 4858, 5859, 10101, 3016, 53, 48, 1.34, 445974,  X
367, 376.0, 1119227, 60318, 17124, 8881, 6995, 6610, 12180, 8234, 60, 56, 1.31, 1239569,  X
368, 377.0, 111936, 37150, 2618, 6739, 1905, 1427, 970, 1407, 43, 66, 1.34, 164152,  X
369, 378.0, 1586504, 994036, 349354, 152451, 54983, 99020, 54199, 54454, 29, 64, 1.56, 3345001,  X
370, 379.0, 342391, 220015, 4290, 10285, 6400, 4247, 6416, 4941, 10, 51, 1.45, 598985,  X
371, 380.0, 2398329, 231687, 28454, 62575, 18155, 34301, 19145, 19888, 14, 51, 1.55, 2812534,  X
372, 381.0, 590216, 23820, 5760, 11465, 21968, 18552, 8922, 10996, 41, 51, 1.51, 691699,  X
373, 382.0, 195227, 53076, 10236, 13422, 14952, 12337, 4627, 5446, 51, 48, 1.43, 309323,  X
374, 383.0, 679985, 136875, 96944, 9478, 29472, 47722, 17092, 21324, 75, 66, 1.31, 1038892,  X
375, 384.0, 668905, 405296, 135095, 70485, 74973, 41780, 18567, 18237, 69, 67, 1.55, 1433338,  X
376, 385.0, 319921, 35472, 8788, 4743, 6443, 11707, 4775, 3806, 63, 67, 1.50, 395655,  X
377, 386.0, 691461, 42320, 24612, 54145, 42672, 33423, 16530, 14986, 69, 75, 1.63, 920149,  X
378, 387.0, 761182, 29212, 11142, 33857, 5078, 6970, 3385, 5640, 61, 83, 1.76, 856466,  X
379, 388.0, 2149044, 284453, 76240, 47467, 51309, 57398, 29692, 85638, 69, 81, 1.67, 2781241,  X
380, 389.0, 976819, 622036, 7341, 73197, 38984, 40993, 66413, 17363, 54, 75, 1.39, 1843146,  X
381, 390.0, 1769328, 349223, 84150, 20181, 33298, 31840, 25151, 14100, 41, 64, 1.45, 2327271,  X
382, 391.0, 727570, 217338, 123903, 27654, 24247, 20543, 16060, 26880, 37, 60, 1.50, 1184195,  X
383, 392.0, 719653, 224540, 14527, 25236, 11248, 7820, 5883, 2728, 20, 53, 1.50, 1011635,  X
384, 393.0, 139919, 17693, 594, 1136, 445, 2218, 1448, 1510, 26, 50, 1.44, 164963,  X
385, 394.0, 140507, 8507, 3052, 1155, 2673, 1852, 1847, 621, 34, 53, 1.52, 160214,  X
386, 395.0, 371345, 88908, 5149, 49104, 13678, 19837, 16816, 14377, 41, 51, 1.44, 579214,  X
387, 396.0, 578638, 124047, 73976, 51880, 34100, 25292, 21475, 8973, 54, 64, 1.50, 918381,  X
388, 397.0, 2149916, 189246, 9624, 26405, 24765, 36676, 9212, 13970, 57, 69, 1.31, 2459814,  X
389, 398.0, 113010, 133367, 39085, 68921, 39728, 46224, 8778, 13541, 61, 74, 1.59, 462654,  X
390, 399.0, 1402603, 340394, 353070, 229879, 15957, 63720, 42793, 38028, 53, 83, 1.87, 2486444,  X
391, 400.0, 1593069, 492768, 78026, 22089, 163551, 38362, 49357, 58131, 50, 67, 1.81, 2495353,  X
392, 401.0, 133419, 74760, 35421, 3409, 12546, 8520, 6386, 8826, 41, 80, 1.68, 283287,  X
393, 402.0, 1606454, 769791, 91199, 52566, 51106, 54761, 48066, 34809, 29, 67, 1.70, 2708752,  X
394, 403.0, 821670, 95615, 52817, 14658, 27569, 13926, 10368, 5348, 34, 57, 1.67, 1041971,  X
395, 407.0, 698871, 74609, 90183, 28530, 14514, 12261, 16340, 5010, 34, 78, 1.60, 940318,  X
396, 408.0, 1671864, 458889, 89713, 104803, 129177, 195940, 22846, 27876, 47, 74, 1.81, 2701108,  X
397, 410.0, 715719, 208939, 116530, 71953, 96257, 101191, 15877, 3493, 61, 83, 2.19, 1329959,  X
398, 411.0, 2029275, 1149301, 140839, 414799, 682897, 209568, 124505, 59366, 63, 78, 2.27, 4810550,  X
399, 412.0, 887378, 169795, 9258, 40165, 54044, 36190, 9415, 12222, 74, 60, 2.15, 1218467,  X
400, 414.0, 1114256, 359879, 12177, 18678, 68689, 111481, 43083, 13674, 74, 47, 1.83, 1741917,  X
401, 416.0, 2297662, 105029, 154327, 13124, 52086, 14252, 5739, 2932, 56, 53, 2.22, 2645151,  X
402, 417.0, 747121, 28219, 7197, 15074, 24223, 12756, 9167, 5097, 64, 54, 1.81, 848854,  X
403, 419.0, 164963, 797162, 124616, 61790, 85172, 67376, 29581, 29417, 56, 54, 1.82, 1360077,  X
404, 420.0, 2679229, 1183147, 68219, 73898, 127217, 73877, 102737, 24996, 38, 61, 1.75, 4333320,  X
405, 421.0, 239808, 10914, 807, 3419, 3432, 5234, 1343, 696, 60, 47, 1.88, 265653,  X
406, 423.0, 629075, 85986, 22765, 30803, 11848, 7853, 6156, 1366, 43, 51, 1.66, 795852,  X
407, 424.0, 1358103, 164663, 28077, 97417, 179540, 36705, 34104, 24634, 50, 57, 1.70, 1923243,  X
408, 425.0, 439848, 22425, 6821, 11342, 10441, 18853, 6158, 3781, 74, 69, 1.62, 519669,  X
409, 426.0, 1985748, 650567, 17978, 48008, 33115, 127512, 40819, 14472, 66, 60, 1.61, 2918219,  X
410, 427.0, 183949, 170189, 8077, 32052, 12997, 36460, 4163, 2413, 78, 50, 1.81, 450300,  X
411, 428.0, 127556, 32550, 1886, 3298, 1529, 2804, 1828, 870, 74, 40, 1.52, 172321,  X
412, 429.0, 671803, 248135, 307848, 122166, 49743, 47012, 90755, 22686, 51, 53, 1.64, 1560148,  X
413, 430.0, 56465, 31420, 20493, 8723, 12123, 5102, 3641, 4829, 43, 70, 1.74, 142796,  X
414, 431.0, 60507, 23173, 15750, 2135, 1453, 6491, 1803, 2330, 40, 83, 1.90, 113642,  X
415, 432.0, 375125, 79790, 3235, 14058, 11888, 14529, 10003, 5385, 50, 84, 1.62, 514013,  X
416, 433.0, 878961, 567040, 50970, 39922, 94552, 41663, 19287, 6282, 48, 63, 1.74, 1698677,  X
417, 434.0, 874215, 366146, 77225, 57492, 50556, 70062, 42748, 24860, 53, 56, 1.62, 1563304,  X
418, 435.0, 468512, 56794, 9506, 24998, 2968, 5918, 6708, 6116, 44, 54, 1.57, 581520,  X
419, 436.0, 756898, 565967, 88396, 52710, 177587, 145209, 13833, 7270, 47, 54, 1.72, 1807870,  X
420, 437.0, 1239863, 96678, 114194, 128859, 121615, 113286, 14840, 5579, 64, 69, 2.22, 1834914,  X
421, 438.0, 82703, 9913, 6725, 1153, 1153, 1615, 346, 568, 60, 78, 2.38, 104176,  X
422, 439.0, 808690, 67894, 123956, 18054, 23844, 24711, 14130, 5041, 67, 87, 2.61, 1086320,  X
423, 440.0, 312388, 27714, 37638, 16017, 12497, 13323, 5385, 4502, 66, 100, 2.74, 429464,  X
424, 441.0, 189905, 52912, 2886, 8038, 8318, 10880, 4439, 1903, 57, 88, 2.48, 279281,  X
425, 442.0, 75167, 4972, 4382, 5214, 963, 1004, 1051, 325, 56, 96, 2.32, 93078,  X
426, 443.0, 107682, 85644, 8185, 1389, 3872, 3158, 2654, 1649, 41, 74, 2.05, 214233,  X
427, 444.0, 1174358, 309197, 42718, 101769, 38978, 29058, 31359, 8237, 30, 63, 1.94, 1735674,  X
428, 445.0, 39303, 5036, 3137, 645, 2871, 1278, 1028, 430, 29, 74, 1.79, 53728,  X
429, 446.0, 1106254, 76411, 21099, 9990, 34276, 42331, 13448, 2941, 48, 54, 1.82, 1306750,  X
430, 447.0, 1967763, 322758, 67813, 34199, 34892, 26107, 13915, 13588, 54, 64, 1.65, 2481035,  X
431, 448.0, 183428, 20239, 14766, 12261, 9553, 7485, 2176, 3938, 63, 69, 1.79, 253846,  X
432, 449.0, 1306863, 192338, 18482, 27334, 11880, 7331, 8803, 4075, 48, 64, 1.78, 1577106,  X
433, 450.0, 1454749, 285903, 39594, 32142, 52730, 52722, 46506, 7042, 38, 63, 1.73, 1971388,  X
434, 451.0, 464633, 41896, 3062, 7501, 13134, 8292, 3135, 1384, 50, 57, 1.74, 543037,  X
435, 452.0, 166371, 237283, 4580, 8194, 18855, 29095, 8801, 16611, 47, 30, 1.51, 489790,  X
436, 453.0, 881108, 183904, 58780, 46922, 38432, 26442, 11686, 6598, 56, 37, 1.57, 1253872,  X
437, 454.0, 1048687, 77423, 16263, 5633, 9789, 7833, 6215, 2709, 50, 38, 1.49, 1174552,  X
438, 455.0, 203770, 48390, 3689, 3374, 2303, 2268, 850, 391, 35, 37, 1.73, 265035,  X
439, 456.0, 1753629, 134272, 58954, 51389, 36368, 21326, 10436, 4543, 30, 61, 1.98, 2070917,  X
440, 457.0, 145611, 112186, 26242, 3952, 20409, 54393, 15076, 9173, 48, 53, 2.04, 387042,  X
441, 458.0, 1894977, 384016, 245233, 92043, 151416, 21877, 17869, 11294, 37, 63, 2.22, 2818725,  X
442, 459.0, 70019, 21414, 11565, 3403, 16532, 8478, 3642, 977, 54, 70, 2.27, 136030,  X
443, 460.0, 934644, 267330, 59014, 19890, 69521, 36873, 23099, 15401, 57, 61, 2.07, 1425772,  X
444, 461.0, 897440, 96043, 27870, 32327, 69855, 26224, 19984, 10168, 50, 67, 1.80, 1179911,  X
445, 462.0, 1416429, 100242, 11499, 94396, 83326, 34229, 6665, 6856, 67, 64, 2.10, 1753642,  X
446, 463.0, 265892, 31560, 5243, 6261, 8806, 11013, 2218, 1759, 67, 61, 1.77, 332752,  X
447, 464.0, 665164, 20491, 8928, 13009, 8642, 4669, 2619, 1426, 67, 70, 1.88, 724948,  X
448, 465.0, 62697, 49403, 18324, 13061, 10143, 4627, 2003, 2990, 57, 77, 2.10, 163248,  X
449, 466.0, 1531792, 90904, 40894, 29412, 53324, 33751, 22736, 5833, 61, 75, 2.14, 1808646,  X
450, 467.0, 1092284, 646328, 49123, 41301, 36851, 53719, 29905, 9940, 48, 69, 1.95, 1959451,  X
451, 468.0, 2018949, 70054, 35256, 28969, 13623, 20138, 3344, 3244, 50, 69, 2.24, 2193577,  X
452, 469.0, 195774, 77543, 127394, 13281, 28176, 28647, 10403, 10958, 57, 77, 2.22, 492176,  X
453, 470.0, 616621, 250072, 32917, 45779, 68044, 46689, 3561, 3005, 51, 69, 2.41, 1066688,  X
454, 471.0, 2105504, 430577, 52659, 41705, 32663, 46198, 14339, 5563, 53, 74, 2.53, 2729208,  X
455, 472.0, 418942, 65145, 30312, 33179, 11782, 9544, 1664, 2214, 47, 75, 3.03, 572782,  X
456, 474.0, 149207, 135466, 25628, 17685, 25778, 31820, 5206, 2533, 51, 61, 2.88, 393323,  X
457, 475.0, 154040, 63505, 11967, 18944, 9370, 3843, 2131, 3166, 40, 67, 2.91, 266966,  X
458, 476.0, 1229293, 17193, 11052, 9791, 16516, 10796, 5482, 1569, 51, 78, 2.58, 1301692,  X
459, 477.0, 2092079, 157233, 12272, 17659, 17398, 19694, 17866, 3021, 56, 63, 2.39, 2337222,  X
460, 478.0, 2000959, 236756, 78513, 16154, 20852, 31026, 13177, 8462, 48, 66, 1.97, 2405899,  X
461, 479.0, 1176242, 161705, 17400, 29978, 21102, 10755, 3285, 1987, 50, 61, 2.09, 1422454,  X
462, 480.0, 122915, 3750, 2610, 2042, 1252, 2224, 428, 132, 50, 63, 2.21, 135353,  X
463, 481.0, 1340369, 67774, 5454, 5431, 16293, 8234, 2762, 2599, 50, 60, 2.13, 1448916,  X
464, 482.0, 119682, 89771, 1748, 1043, 12118, 9697, 2176, 2397, 51, 35, 2.03, 238632,  X
465, 483.0, 392521, 9928, 13681, 13357, 15912, 18103, 4595, 1880, 74, 44, 2.06, 469977,  X
466, 484.0, 192559, 79504, 24633, 14730, 6640, 4039, 1414, 2386, 53, 40, 2.10, 325905,  X
467, 485.0, 398348, 168862, 25902, 21381, 40092, 28935, 40113, 9185, 54, 44, 1.71, 732818,  X
468, 486.0, 2942, 12126, 10512, 10425, 13784, 13015, 4039, 4269, 66, 75, 1.74, 71112,  X
469, 487.0, 1142849, 238207, 51579, 33668, 30414, 36537, 18677, 12760, 53, 66, 1.92, 1564691,  X
470, 488.0, 1429340, 217590, 10118, 38634, 29925, 24161, 26720, 17424, 61, 57, 1.70, 1793912,  X
471, 489.0, 580054, 154823, 39470, 47057, 76087, 50299, 16121, 9555, 66, 61, 1.42, 973466,  X
472, 490.0, 73280, 17336, 10767, 7407, 11178, 11383, 3937, 2484, 66, 60, 1.55, 137772,  X
473, 491.0, 1313070, 93485, 17763, 30301, 8734, 24841, 13169, 7593, 69, 63, 1.54, 1508956,  X
474, 492.0, 570849, 147044, 42191, 12660, 54322, 50897, 26599, 7036, 81, 64, 1.47, 911598,  X
475, 493.0, 892029, 85105, 17751, 21547, 83355, 24172, 9758, 10846, 80, 61, 1.55, 1144563,  X
476, 494.0, 586488, 38650, 10052, 5427, 7452, 7218, 1394, 2117, 70, 57, 1.59, 658798,  X
477, 495.0, 1126987, 665516, 34854, 295279, 25047, 31910, 7912, 4888, 53, 60, 2.17, 2192393,  X
478, 496.0, 2036713, 113699, 36940, 106014, 26427, 15975, 10644, 5972, 38, 75, 2.44, 2352384,  X
479, 497.0, 221560, 29700, 15491, 2965, 8245, 7186, 6965, 2503, 37, 81, 2.45, 294615,  X
480, 498.0, 218709, 80197, 58488, 75248, 51530, 37020, 14013, 14965, 40, 91, 2.61, 550170,  X
481, 499.0, 465219, 84481, 57090, 43594, 25420, 40781, 7028, 15791, 60, 94, 2.62, 739404,  X
482, 500.0, 25005, 10845, 3321, 15168, 4969, 8655, 3449, 2134, 77, 93, 2.04, 73546,  X
483, 501.0, 334020, 171617, 8541, 37170, 40762, 22576, 7330, 9650, 74, 87, 1.78, 631666,  X
484, 502.0, 107584, 40312, 8519, 5551, 14276, 8485, 5643, 1485, 70, 74, 1.80, 191855,  X
485, 503.0, 266371, 148756, 68211, 32773, 25704, 28187, 7590, 7221, 64, 69, 1.89, 584813,  X
486, 504.0, 110741, 50741, 14153, 28036, 58920, 95696, 10779, 13366, 75, 56, 1.72, 382432,  X
487, 505.0, 929287, 44216, 7299, 4753, 7895, 18138, 2937, 1742, 84, 54, 1.70, 1016267,  X
488, 506.0, 527125, 273009, 33574, 31336, 78548, 30477, 8034, 11931, 78, 53, 1.75, 994034,  X
489, 507.0, 15260, 37625, 3765, 13088, 11227, 4046, 2760, 862, 74, 50, 1.89, 88633,  X
490, 508.0, 47867, 14744, 1497, 1193, 1078, 1125, 1342, 556, 47, 47, 1.62, 69402,  X
491, 509.0, 748598, 120336, 39853, 16460, 19854, 26450, 19752, 8875, 38, 53, 1.64, 1000178,  X
492, 510.0, 162339, 30943, 13155, 6945, 20060, 5934, 2819, 1736, 41, 60, 1.73, 243931,  X
493, 511.0, 109988, 128066, 12943, 31836, 36408, 30002, 11964, 10476, 50, 56, 1.65, 371683,  X
494, 512.0, 791797, 190477, 20604, 87205, 45590, 29913, 40619, 11633, 53, 64, 1.50, 1217838,  X
495, 513.0, 83827, 6026, 3001, 2503, 3427, 2875, 376, 531, 57, 67, 1.75, 102566,  X
496, 514.0, 68170, 6051, 3751, 1784, 1537, 1423, 791, 726, 60, 74, 1.85, 84233,  X
497, 515.0, 246335, 218973, 58734, 34463, 17083, 57219, 8444, 2978, 60, 77, 2.01, 644229,  X
498, 516.0, 386774, 23693, 13634, 4508, 10774, 3641, 5196, 1880, 57, 78, 2.06, 450100,  X
499, 517.0, 566510, 429693, 56143, 11695, 18330, 23302, 7396, 13698, 41, 67, 2.11, 1126767,  X
500, 518.0, 445092, 51566, 16920, 24815, 15821, 46767, 10069, 17294, 54, 63, 1.87, 628344,  X
501, 519.0, 143864, 57693, 5756, 20526, 5319, 10996, 3985, 2228, 51, 63, 1.89, 250367,  X
502, 520.0, 1064284, 33585, 20613, 52826, 21258, 30235, 5279, 6850, 63, 69, 1.78, 1234930,  X
503, 521.0, 231950, 36803, 10062, 9065, 11779, 2217, 3159, 2693, 63, 78, 1.83, 307728,  X
504, 522.0, 13402, 13844, 8403, 7442, 10735, 5507, 2788, 1858, 51, 81, 1.86, 63979,  X
505, 523.0, 63008, 39810, 21153, 64370, 38319, 29913, 8810, 6177, 57, 88, 2.07, 271560,  X
506, 524.0, 39266, 6024, 773, 3414, 1404, 2040, 748, 649, 54, 81, 2.00, 54318,  X
507, 525.0, 234995, 94901, 78748, 33837, 50975, 32924, 20729, 7531, 69, 87, 1.92, 554640,  X
508, 526.0, 1414002, 172070, 26545, 39079, 19666, 47366, 33174, 4653, 70, 80, 1.85, 1756555,  X
509, 527.0, 121448, 14647, 2796, 4402, 9215, 6703, 4993, 1562, 75, 69, 1.70, 165766,  X
510, 528.0, 848694, 5768, 8807, 5212, 6934, 5457, 2666, 894, 77, 75, 1.64, 884432,  X
511, 529.0, 1302228, 51240, 71324, 14154, 12983, 35212, 7072, 6800, 80, 77, 1.78, 1501013,  X
512, 530.0, 840638, 47393, 14820, 18782, 54406, 29318, 25902, 17451, 88, 75, 1.55, 1048710,  X
513, 531.0, 17550, 10305, 19280, 5904, 6282, 8489, 1562, 889, 84, 90, 1.89, 70261,  X
514, 532.0, 580872, 171045, 10359, 30572, 30527, 44510, 21941, 11946, 81, 74, 1.88, 901772,  X
515, 533.0, 88989, 77565, 18227, 17170, 7725, 6338, 3373, 1099, 67, 64, 2.06, 220486,  X
516, 534.0, 110501, 31164, 5300, 7602, 3207, 4646, 2182, 2252, 54, 67, 1.94, 166854,  X
517, 535.0, 8215, 8582, 5829, 12261, 14353, 7836, 2436, 2160, 56, 61, 2.15, 61672,  X
518, 536.0, 143662, 33155, 10232, 6782, 9052, 10167, 2838, 2608, 56, 69, 1.88, 218496,  X
519, 537.0, 148652, 37361, 15135, 3089, 11864, 8258, 1525, 1247, 66, 67, 2.15, 227131,  X
520, 538.0, 1058679, 97132, 2591, 19326, 33773, 5958, 2193, 1624, 57, 60, 2.00, 1221276,  X
521, 539.0, 131970, 14644, 2813, 4376, 2447, 1699, 464, 844, 44, 56, 2.13, 159257,  X
522, 540.0, 106976, 20970, 5008, 14199, 5566, 10351, 2603, 1498, 48, 60, 2.16, 167171,  X
523, 541.0, 576553, 34718, 13012, 62986, 9047, 18831, 18794, 7222, 50, 74, 2.14, 741163,  X
524, 542.0, 12958, 27497, 17632, 10645, 10614, 5817, 3529, 2043, 56, 88, 2.11, 90735,  X
525, 543.0, 241166, 49362, 6669, 7402, 12558, 12910, 6030, 1870, 64, 80, 1.95, 337967,  X
526, 544.0, 90375, 85881, 13696, 12011, 6526, 7532, 2598, 1998, 51, 74, 1.95, 220617,  X
527, 545.0, 309949, 36007, 27288, 3448, 5508, 8700, 2542, 3201, 48, 67, 1.95, 396643,  X
528, 546.0, 706078, 141689, 41503, 25845, 56779, 31627, 16364, 6753, 53, 60, 1.97, 1026638,  X
529, 547.0, 37142, 56166, 1440, 4220, 9420, 7150, 3561, 1325, 47, 53, 1.73, 120424,  X
530, 548.0, 919353, 334769, 6473, 31940, 10126, 23945, 12056, 7470, 47, 43, 1.72, 1346132,  X
531, 549.0, 996753, 38463, 14261, 4212, 23276, 33749, 9451, 5942, 61, 30, 1.46, 1126107,  X
532, 550.0, 1141685, 65363, 50160, 32257, 41540, 26626, 11068, 4210, 63, 38, 1.51, 1372909,  X
533, 551.0, 67220, 13707, 23633, 6838, 12294, 4564, 1843, 1804, 63, 63, 1.72, 131903,  X
534, 552.0, 1416767, 53841, 8829, 31985, 29872, 18810, 9776, 7419, 75, 77, 1.80, 1577299,  X
535, 553.0, 355985, 59214, 3391, 4986, 14578, 11604, 3732, 1646, 61, 69, 1.79, 455136,  X
536, 554.0, 63222, 13178, 12091, 3923, 7034, 8858, 4447, 1688, 66, 69, 1.90, 114441,  X
537, 555.0, 226341, 48791, 11408, 10082, 3120, 4446, 2971, 2432, 61, 60, 1.82, 309591,  X
538, 556.0, 987862, 97987, 33906, 7835, 35989, 41093, 8481, 10552, 64, 54, 1.55, 1223705,  X
539, 557.0, 386278, 33491, 10796, 15248, 3978, 3436, 3700, 4097, 54, 74, 1.62, 461024,  X
540, 558.0, 1017392, 25804, 8966, 110795, 60105, 26010, 33540, 17178, 50, 81, 1.64, 1299790,  X
541, 559.0, 427769, 204262, 35940, 43240, 70318, 39469, 13786, 5059, 56, 77, 1.74, 839843,  X
542, 560.0, 2027435, 362012, 34147, 58977, 48589, 28165, 9082, 3716, 41, 75, 1.89, 2572123,  X
543, 561.0, 567935, 86998, 7790, 14603, 38107, 26859, 21249, 11228, 56, 57, 1.77, 774769,  X
544, 562.0, 428534, 22188, 7941, 32532, 36906, 37401, 28444, 9086, 67, 50, 1.61, 603032,  X
545, 563.0, 1945946, 88358, 44124, 25245, 19667, 23143, 8729, 5568, 69, 56, 1.78, 2160780,  X
546, 564.0, 9588, 15955, 5750, 6346, 9198, 8527, 1933, 2810, 87, 60, 1.68, 60107,  X
547, 565.0, 1197482, 150473, 41741, 20266, 23296, 28029, 10342, 11386, 80, 69, 1.46, 1483015,  X
548, 566.0, 311103, 160345, 64937, 85010, 25355, 27735, 13538, 6063, 61, 75, 1.86, 694086,  X
549, 567.0, 555204, 18613, 24600, 6043, 10295, 14387, 2733, 2401, 67, 78, 2.12, 634276,  X
550, 568.0, 24669, 8139, 280, 4366, 1450, 1899, 644, 845, 60, 81, 1.98, 42292,  X
551, 569.0, 408322, 28857, 23143, 7668, 8929, 5757, 3984, 3171, 56, 90, 2.06, 489831,  X
552, 570.0, 464570, 25415, 5296, 22870, 9926, 12729, 2653, 7203, 64, 88, 2.06, 550662,  X
553, 571.0, 1023099, 78981, 11960, 11097, 39394, 14057, 11958, 9147, 57, 74, 1.71, 1199693,  X
554, 572.0, 616483, 90164, 33516, 19460, 22779, 21749, 4177, 6415, 57, 70, 1.69, 814743,  X
555, 573.0, 327399, 219382, 38477, 28488, 20736, 29267, 11739, 14511, 57, 60, 1.70, 689999,  X
556, 574.0, 319527, 225223, 6031, 19148, 17939, 33255, 5781, 6153, 53, 41, 1.58, 633057,  X
557, 575.0, 2403044, 47226, 61204, 23329, 26185, 80480, 27020, 12489, 67, 53, 1.54, 2680977,  X
558, 576.0, 612997, 169370, 54965, 56053, 36072, 24887, 16875, 7731, 61, 54, 1.77, 978950,  X
559, 577.0, 600590, 91877, 5491, 41522, 40176, 24783, 11069, 13499, 67, 56, 1.57, 829007,  X
560, 578.0, 1159264, 73968, 53713, 34906, 18361, 34949, 23347, 7871, 74, 77, 1.60, 1406379,  X
561, 579.0, 184770, 49105, 3866, 3989, 9629, 6005, 2026, 1389, 56, 63, 1.62, 260779,  X
562, 580.0, 64012, 18178, 10206, 8967, 4607, 14238, 3951, 1149, 69, 63, 1.74, 125308,  X
563, 581.0, 1011350, 14885, 12482, 9087, 6407, 9338, 3718, 4702, 75, 70, 1.63, 1071969,  X
564, 582.0, 656057, 160013, 35626, 23487, 17613, 27931, 23022, 11353, 67, 64, 1.64, 955102,  X
565, 583.0, 948776, 224687, 16475, 85915, 67296, 18116, 15559, 13809, 63, 74, 1.64, 1390633,  X
566, 584.0, 91763, 27407, 5497, 4103, 17527, 10179, 5244, 3067, 57, 63, 1.55, 164787,  X
567, 585.0, 801324, 98298, 5397, 77047, 31911, 33771, 11160, 4488, 54, 60, 1.56, 1063396,  X
568, 586.0, 208687, 36737, 9685, 15872, 15465, 10907, 5639, 3848, 57, 61, 1.56, 306840,  X
569, 587.0, 398444, 159432, 22604, 25213, 14898, 45696, 16993, 4964, 70, 57, 1.61, 688244,  X
570, 588.0, 129800, 28365, 1734, 18261, 18992, 6498, 1950, 2660, 66, 64, 1.63, 208260,  X
571, 589.0, 11128, 34099, 7313, 15547, 6291, 10075, 2650, 2350, 64, 63, 1.83, 89453,  X
572, 590.0, 64223, 27729, 2674, 3119, 1889, 1214, 583, 159, 50, 56, 2.01, 101590,  X
573, 591.0, 1727545, 148283, 28172, 22004, 20307, 50496, 4931, 10905, 50, 56, 2.05, 2012643,  X
574, 592.0, 118086, 17272, 954, 7459, 9848, 15539, 4429, 1720, 64, 51, 1.95, 175307,  X
575, 593.0, 129018, 47561, 8071, 33128, 16793, 10517, 2357, 2188, 61, 53, 2.16, 249633,  X
576, 594.0, 68379, 50312, 11698, 6803, 6368, 7911, 4535, 1539, 75, 57, 2.09, 157545,  X
577, 595.0, 546251, 98929, 10942, 62363, 16315, 82082, 6340, 6935, 81, 63, 1.94, 830157,  X
578, 596.0, 135314, 3338, 1866, 984, 3453, 2456, 470, 521, 77, 66, 1.92, 148402,  X
579, 597.0, 291810, 26124, 1494, 25821, 8260, 7366, 1737, 5282, 78, 67, 2.05, 367894,  X
580, 598.0, 701725, 32726, 27435, 13280, 13777, 29602, 10297, 7362, 90, 74, 1.78, 836204,  X
581, 599.0, 612946, 32345, 2825, 20042, 7593, 6270, 4873, 2301, 77, 77, 1.75, 689195,  X
582, 600.0, 736985, 138533, 78615, 11052, 17052, 26737, 17849, 12965, 64, 81, 1.63, 1039788,  X
583, 601.0, 532568, 76325, 21484, 17480, 10903, 6461, 4571, 2596, 54, 77, 1.76, 672388,  X
584, 601.0, 80989, 14798, 7782, 11618, 4308, 3969, 1928, 3436, 41, 80, 1.79, 128828,  X
